<?xml version="1.0"?>
<schema version="0.3">
	<table name="btNivoSLider">
		<field name="bID" type="I">
			<key />
			<unsigned />
		</field>
		<field name="fsID" 		type="I"></field>
		<field name="fsTitle" 		type="C" size="15"></field>
		<field name="effect" 		type="C" size="15"></field>
		<field name="slices" 		type="I"></field>
		<field name="animSpeed" 	type="I"></field>
		<field name="pauseTime" 	type="I"></field>
		<field name="startSlide" 	type="I"></field>		
		<field name="boxCols" 		type="I"></field>		
		<field name="boxRows"	 	type="I"></field>		
		<field name="theme" 		type="C" size="15"></field>
		<field name="options"		type="X"></field>
		
		<field name="linkPageID"	type="X"></field>
		<field name="link" 		type="X"></field>
		<field name="fileLink"		type="X"></field>
	</table>
</schema>