﻿<?xml version="1.0" encoding="utf-8" ?>
<cu3er>
	<settings>
		<auto_play> 
			<defaults symbol="circular" time="4" /> 
			<tweenIn x="20" y="20" width="20" height="20" tint="0xFFFFFF" alpha="0.3" />
			<tweenOut scaleX="0" scaleY="0" alpha="0" />
			<tweenOver alpha="0.8"/> 
		</auto_play> 
		
    	%%buttons%%
		
		%%descriptions%%
		
		<preloader>
          <defaults 
		  symbol="linear"
		  width="100"
		  height="3"
		  alpha="0.6"
		  />
          <tweenIn tint="0x000000" alpha="0.2" />
		  <tweenOut time="0.5" />
		</preloader>
	  
		<transitions
			%%defaults%%
		/> 
	</settings>    

	<slides>
		%%slides%%				
	</slides>
</cu3er>

